{"vram_temp_check": 1779908872.7993758, "memory_graph_refresh": 1779908872.7993758, "chroma_vacuum": 1779896558.3743503, "git_summary": 1779752828.9816108, "daily_briefing": 1779755403.4333246, "skill_evolution": 1779907396.8252974, "user_model_review": 1779907396.8252974}