{"vram_temp_check": 1781215101.899251, "memory_graph_refresh": 1781215161.9006736, "chroma_vacuum": 1781201266.611647, "git_summary": 1781201266.611647, "daily_briefing": 1780273825.2418637, "skill_evolution": 1781201266.611647, "user_model_review": 1781201266.611647}