{"vram_temp_check": 1780351788.4889388, "memory_graph_refresh": 1780353796.005381, "chroma_vacuum": 1780348972.4975932, "git_summary": 1779752828.9816108, "daily_briefing": 1780273825.2418637, "skill_evolution": 1779907396.8252974, "user_model_review": 1780348972.4975932}